Id,dd,hu,td,t,ff,precip,month,number_sta,Ground_truth,ws,p3031,u10,v10,t2m,d2m,r,msl,t_3D_arpege,p3014_3D_arpege,r_3D_arpege,ws_3D_arpege,p3031_3D_arpege,u_3D_arpege,v_3D_arpege,w_3D_arpege,z_3D_arpege,lat,lon,height_sta
14066001_218,184.45833333333331,81.37083333333334,286.3533333333333,289.6829166666667,2.90125,0.2,8,14066001,0.0,3.5416463216145835,217.08154296875,2.108142375946045,0.0175308982531229,289.80694580078125,287.0579833984375,84.14902242024739,102854.9375,288.7266199448529,286.9644990808824,83.64399988511029,6.072985032025506,283.3929227941176,5.720016928280101,-0.8261337280273438,-0.0051236538326039,2320.5974264705883,49.334,-0.431,2.0
14066001_104,174.58333333333334,84.29166666666667,280.94458333333336,283.61125,3.0908333333333338,9.1,4,14066001,0.6000000000000001,4.325818697611491,168.07288614908853,-0.7679789861043295,3.3796609242757163,283.8289998372396,281.1964518229167,83.98710632324219,100922.0625,282.88818359375,281.17336856617646,80.48680922564338,5.406486511230469,186.869140625,0.753966163186466,4.740735671099494,0.1510349161484662,830.0480238970588,49.334,-0.431,2.0
14066001_161,114.16666666666669,88.70833333333333,287.56875,289.5095833333333,2.067916666666666,0.0,6,14066001,2.2,2.7590808868408203,131.48193359375,-1.6651725769042969,-0.3386572202046712,288.33111572265625,286.67041015625,90.09458414713542,101243.45833333331,290.25950712316177,287.42434512867646,74.09653607536765,4.6536999870749085,144.09909237132354,-3.0893913717830883,1.827841366038603,0.0435475882361916,1058.0465303308824,49.334,-0.431,2.0
14066001_1,205.625,82.3,279.9975,282.93666666666667,8.04125,3.4,1,14066001,11.699999999999998,10.600894927978516,212.2322794596354,5.115749359130859,7.128517150878906,283.41237386067706,279.92706298828125,79.1105448404948,100319.48958333331,283.5090762867647,281.7982536764706,82.19178682215073,11.340173160328584,198.63446403952207,3.4251565372242645,9.258523380055149,0.3599896430969238,173.6349666819853,49.334,-0.431,2.0
14066001_550,100.29166666666669,83.65416666666667,287.0275,289.92375,2.681666666666666,0.2,7,14066001,0.0,4.778275807698567,269.4890543619792,4.044821421305339,-0.5340959628423055,289.4564615885417,286.9295247395833,85.36863199869792,102331.91666666669,290.6947667738971,288.07838350183823,77.38274787454044,5.298101088579963,57.62589039522059,-4.129518396714154,-2.779003143310547,-0.1029244731454288,1440.0472196691176,49.334,-0.431,2.0
14066001_327,104.41666666666669,87.92083333333333,280.2725,282.2004166666667,4.66375,1.2000000000000002,11,14066001,0.0,6.206870396931966,98.51071166992188,-4.624180793762207,-2.557004928588867,283.49924723307294,280.7166748046875,83.13428751627605,101382.82291666669,282.37181181066177,280.0057157628676,74.00701545266544,9.63051829618566,205.47173713235293,4.336359809426701,8.484312169692096,0.3582183052511776,173.34425264246323,49.334,-0.431,2.0
14066001_664,155.375,98.98333333333332,284.05,284.2325,1.13375,0.2,10,14066001,0.0,10.608381907145182,222.8445841471354,7.150620778401692,7.613932291666667,287.62131754557294,282.9297281901042,73.76400756835938,100936.28125,285.1922392003676,284.2284581801471,89.3188835592831,5.358528585994945,152.32123161764707,-0.7497411615708295,-4.172542347627528,-0.2051556671366972,2529.287224264706,49.334,-0.431,2.0
14066001_246,226.41666666666663,73.80833333333334,287.46666666666664,292.7825,3.2062500000000003,5.900000000000001,9,14066001,0.6000000000000001,3.4347616831461587,188.667236328125,0.9120858510335288,0.1412870983282725,291.1796468098958,288.2362263997396,83.31045532226562,101817.16666666669,290.21653837316177,287.5949276194853,77.34255083869485,4.5592332727768845,246.75950712316177,4.057923709644991,1.6033316219554228,0.0417354106903076,1560.744140625,49.334,-0.431,2.0
14066001_369,235.70833333333331,75.3875,276.085,280.18958333333336,6.009583333333333,0.0,1,14066001,0.2,4.162863413492839,225.08526611328125,3.0621798833211265,2.478854179382324,276.4444173177083,274.1072591145833,84.92183430989583,103054.36458333331,278.7688419117647,277.23828125,78.61215389476104,11.054891249712776,273.06448184742646,7.684055103975184,-6.272121653837316,-0.31945660535027,2119.315716911765,49.334,-0.431,2.0
14066001_35,207.29166666666663,87.5625,281.26125,283.2945833333333,4.038333333333333,0.4000000000000001,2,14066001,2.0,6.774712244669597,212.9893391927084,3.117808024088541,5.322203318277995,283.5211181640625,280.9446207682292,84.39307149251302,102258.82291666669,281.99632352941177,281.19603056066177,90.30895278033088,9.703887939453123,221.2136661305147,5.801672991584329,6.84383347455193,0.2614049631006577,1968.3269761029408,49.334,-0.431,2.0
14066001_635,183.5,85.17916666666666,287.2629166666667,290.04625000000004,2.431666666666666,3.8000000000000007,9,14066001,0.2,2.7489229838053384,223.5023396809896,0.9878705342610676,-1.521254539489746,289.74725341796875,287.97418212890625,89.35142008463542,102151.6875,288.7260167738971,287.11474609375,84.59894875919117,5.714435352998621,216.5656307444853,2.4340858459472656,4.711596320657169,0.1538342588088091,1641.6907169117646,49.334,-0.431,2.0
14066001_673,233.04166666666663,85.38333333333333,283.11875000000003,285.55916666666667,4.530833333333334,4.0,11,14066001,2.7999999999999994,3.321676254272461,149.51078287760416,-1.803206443786621,2.405180295308431,285.4460042317708,284.1603190104167,92.18094889322916,101350.48958333331,282.04650160845586,279.36282169117646,68.50389906939338,9.196780934053308,295.3510167738971,7.180107116699219,-3.6683737810920265,-0.205356850343592,1217.0715762867646,49.334,-0.431,2.0
14066001_703,297.75,83.88333333333334,279.89416666666665,282.5420833333333,3.3820833333333336,0.8000000000000002,12,14066001,0.0,5.520688374837239,270.3153889973958,2.6973864237467446,-2.0557969411214194,282.00132242838544,279.7770589192708,85.99658203125,102795.8125,281.1322380514706,279.44493910845586,78.85072954963235,5.648434807272518,323.8323471966912,3.1820447585161995,-4.531342450310202,-0.2821163289687213,2673.0259650735293,49.334,-0.431,2.0
14066001_174,242.58333333333331,93.39166666666668,290.1333333333333,291.2325,2.63375,32.2,6,14066001,0.0,3.276177406311035,232.9724934895833,1.4101176261901855,0.295542021592458,290.6727701822917,289.5790405273437,93.43253580729169,101612.16666666669,292.1893095128676,290.8211167279412,88.20799345128677,4.037131365607767,187.45568129595588,1.106974770041073,-0.297420389512006,0.0138304373797248,1305.74609375,49.334,-0.431,2.0
14066001_380,283.7083333333333,87.00833333333333,278.90958333333333,280.9820833333334,5.1725,12.3,1,14066001,2.6000000000000005,10.458260854085289,328.00124104817706,5.44151242574056,-8.684783299763998,280.35463460286456,274.01637776692706,64.13526407877605,102191.95833333331,278.0772346047794,277.4189453125,90.24668974034928,5.8012551700367645,122.44559972426472,-2.321718552533318,-3.307601928710937,-0.151425656150369,2088.5728400735293,49.334,-0.431,2.0
14066001_155,307.625,86.64583333333333,284.50875,286.715,2.9020833333333336,0.0,6,14066001,0.0,3.150407791137696,246.79498291015625,1.0158287684122722,-2.6531896591186523,285.81402587890625,284.4866536458333,91.63570149739584,101739.83333333331,284.2614315257353,283.21403952205884,88.04150390625,3.205519283519072,156.592529296875,-0.4352435504688936,-2.831904691808364,-0.0879627255832447,1393.858340992647,49.334,-0.431,2.0
14066001_727,257.2083333333333,80.67083333333333,274.48,277.59625,4.84,2.4,12,14066001,3.2000000000000006,12.48962148030599,286.1413981119792,7.9828948974609375,-5.832559585571289,280.2008056640625,274.2620035807292,66.88070678710938,99037.89583333331,279.6330135569853,277.97791245404414,81.20245002297794,8.291268741383272,212.73988970588235,4.230870415182674,5.8019561767578125,0.2043628412134507,357.2463809742647,49.334,-0.431,2.0
14066001_500,183.41666666666663,69.76666666666667,284.84625,290.6345833333333,3.1045833333333337,0.0,5,14066001,0.0,4.532878557840983,207.95747884114584,1.1983993848164876,0.8715892632802328,286.24379475911456,282.5914713541667,78.69125874837239,102098.48958333331,292.6522863051471,286.3270909926471,49.444784725413605,6.682633792652803,200.8645881204044,2.817964441636029,5.563965741325827,0.1468494499430936,2088.7045036764707,49.334,-0.431,2.0
14066001_340,161.95833333333334,82.10833333333333,279.23833333333334,282.18833333333333,2.574583333333333,0.0,12,14066001,0.0,4.216958045959473,164.37801106770834,-0.674469788869222,3.9763902028401694,283.0294189453125,280.68369547526044,85.35854085286458,102785.875,285.4185144761029,281.99195772058823,64.43478573069854,9.426783842198988,208.5850327435662,4.4912244011374085,8.236383774701286,0.1281676011926987,2173.379825367647,49.334,-0.431,2.0
14066001_42,126.75,91.50416666666666,276.05958333333336,277.3254166666666,2.80125,4.2,2,14066001,7.2,5.372875213623047,132.7650146484375,-3.8731358846028647,3.566972096761068,277.6265869140625,276.0311686197917,89.38741048177083,99412.63541666669,275.96070772058823,277.42331112132354,85.65974695542279,10.52423095703125,156.22884593290442,-2.3804720710305607,8.461842256433824,0.1892430501825669,3637.674862132353,49.334,-0.431,2.0
14066001_204,203.45833333333331,82.74166666666666,286.7275,289.77625,2.606666666666667,0.0,7,14066001,0.2,3.027780214945475,229.56925455729169,1.241529941558838,-1.822821299235026,290.2584635416667,288.04425048828125,87.00331624348958,102168.02083333331,289.5701114430147,287.2973058363971,78.79407456341912,3.484470143037684,279.7689568014706,2.3491619334501377,-1.6698430005241842,-0.0877957484301398,1787.9446231617646,49.334,-0.431,2.0
14066001_214,234.41666666666663,85.62916666666666,289.31375,291.7891666666667,6.021666666666667,4.800000000000001,8,14066001,4.2,8.131871541341146,235.0858764648437,6.5844268798828125,4.60999329884847,292.3041585286458,289.70318603515625,84.9774169921875,101551.98958333331,290.58177274816177,289.4234834558824,89.17807904411765,10.543632058536303,231.89691521139707,8.242560891544118,6.455035490148208,0.2201749857734231,1273.8708639705883,49.334,-0.431,2.0
14066001_130,144.625,95.81666666666666,286.31958333333336,286.98583333333335,0.9475,6.099999999999999,5,14066001,0.6000000000000001,1.9814586639404297,204.81268310546875,0.0538250207901001,-0.9532633622487386,285.303466796875,285.1028238932292,98.69178263346356,100517.35416666669,287.7384823069853,287.3218347886029,96.4490105124081,1.0296493979061352,179.91468003216912,-0.1704363542444565,0.144714916453642,0.001639071632834,435.3697725183824,49.334,-0.431,2.0
14066001_287,145.54166666666666,83.73333333333333,281.07250000000005,283.7345833333333,1.575,0.0,10,14066001,1.6000000000000003,3.2186597188313804,110.13912963867188,-2.3515594800313315,0.8909521897633871,285.35968017578125,281.9585367838542,79.75,100439.0625,283.3480870863971,281.66569967830884,82.18394559972427,2.141426086425781,117.053955078125,-1.5275445825913374,0.9560510971966912,0.0187921664294074,396.6149471507353,49.334,-0.431,2.0
14066001_473,54.75,66.39166666666667,276.96666666666664,283.0083333333333,5.755,0.0,4,14066001,0.0,5.979471842447917,153.42974853515625,0.4537521203358968,-3.0915724436442056,283.3723551432292,279.9580078125,79.93267313639323,102323.94791666669,287.39504825367646,283.0369370404412,58.899607938878674,8.323489918428308,215.3327205882353,4.478048885569853,6.543631160960478,0.2093626190634334,1014.1486672794116,49.334,-0.431,2.0
14066001_543,253.75,93.025,288.50916666666666,289.6504166666667,3.28,17.200000000000003,6,14066001,18.4,4.243721644083659,121.86226399739584,-1.1501043637593586,-2.5966227849324546,290.0559895833333,287.5574951171875,85.33653767903645,101269.95833333331,285.85230928308823,286.99264705882354,89.71544692095588,6.598903880399816,260.1463982077206,6.132634331198299,1.0008293600643383,-0.0301844021853278,4189.50643382353,49.334,-0.431,2.0
14066001_228,62.91666666666666,79.05,287.6075,291.37,4.560833333333333,0.0,8,14066001,1.7999999999999998,5.790313720703125,52.71460978190104,-4.098758697509766,-3.495327631632487,290.6920572916667,287.7830810546875,83.09144083658855,101682.08333333331,290.3041130514706,287.07370174632354,70.55317239200367,5.788448109346278,65.03547219669117,-4.390620063332951,-2.423774046056411,-0.1066488658680635,1431.4138327205883,49.334,-0.431,2.0
14066001_494,58.333333333333336,75.56666666666666,279.9245833333334,284.1095833333333,7.675000000000001,0.0,5,14066001,0.0,6.113686879475911,96.37748209635416,-1.807663917541504,-3.940813382466634,283.38865152994794,280.0143636067708,79.93018086751302,102476.5625,281.64783432904414,279.923828125,78.99707749310662,8.734041999368106,58.210072236902576,-7.054244546329274,-4.735663021312041,-0.1812054269454058,1713.058708639706,49.334,-0.431,2.0
14066001_321,232.95833333333331,74.96666666666667,279.6783333333333,284.3241666666667,7.787083333333334,6.8,11,14066001,11.6,9.617993672688804,228.45475260416663,7.140003840128581,6.306620279947917,284.9053955078125,281.6473999023437,80.64290873209636,100673.5,284.14013671875,282.69775390625,84.66737994025735,10.407696892233457,227.47390567555144,7.638616225298713,6.961333779727712,0.2215026406680836,685.2718290441177,49.334,-0.431,2.0
14066001_450,72.625,75.2375,278.41875,282.7308333333333,3.5525,0.0,3,14066001,0.2,10.63109270731608,49.35282389322917,-7.907031377156575,-7.032539367675781,282.5463053385417,279.2703450520833,80.16351826985677,102291.96875,282.6466854319853,278.4612821691176,53.536915498621326,6.827494901769302,88.35594267003677,-6.465031343347886,-0.4889405755435719,-0.0680550266714657,1595.573184742647,49.334,-0.431,2.0
14066001_277,110.75,72.05416666666666,282.72875000000005,287.9470833333333,4.21875,0.0,10,14066001,0.0,7.318615595499675,103.49985758463542,-7.071657180786133,1.2518418629964192,288.3515218098958,283.62860107421875,74.60652669270833,102675.66666666669,286.0131261488971,283.6473173253676,76.36140711167279,11.01842633415671,110.81220559512867,-10.124782786649815,3.895976795869715,0.154517650604248,2187.6645220588234,49.334,-0.431,2.0
14066001_584,96.16666666666669,75.97083333333333,284.8895833333333,289.40500000000003,3.276250000000001,0.2,8,14066001,4.200000000000001,3.526372273763021,197.1713256835937,1.648659070332845,-0.4157751401265462,288.6470947265625,284.6144205729167,77.3811747233073,102389.125,288.2433076746324,286.20140165441177,80.01338465073529,4.966784757726333,262.27898092830884,3.4225104836856617,-1.178158255184398,-0.0516097405377556,1015.7683823529412,49.334,-0.431,2.0
14066001_61,265.375,73.9375,276.39416666666665,280.84125,9.02875,4.8,3,14066001,1.0,11.519896189371744,266.925048828125,11.05093510945638,0.3556607564290364,281.0493570963542,276.78599039713544,74.78506469726562,100652.875,280.9699276194853,279.1700080422794,77.81564510569854,10.476303100585938,262.18141084558823,9.954505471622245,1.3826403898351334,0.0340730442720301,581.8439223345588,49.334,-0.431,2.0
14066001_71,125.91666666666669,88.12083333333334,276.51916666666665,278.3695833333333,2.41375,0.0,3,14066001,0.0,2.982397079467773,100.15929158528644,-1.2570843696594238,-1.5522607167561848,278.474365234375,277.20896402994794,91.85349527994792,102963.05208333331,278.79443359375,276.67845243566177,71.91722196691177,3.7759736004997695,30.17905919692096,-1.8885289360495168,-2.897923413444968,-0.0822951723547542,2326.286075367647,49.334,-0.431,2.0
14066001_142,277.8842592592593,90.58518518518518,284.2590740740741,285.7876851851852,2.9804629629629638,6.109090909090909,5,14066001,0.0,3.935103416442871,279.01735432942706,2.9764537811279297,-1.7762757937113445,285.4457600911458,283.4547526041667,87.88509114583333,100947.0,285.2191808363971,284.39183134191177,90.27463666130517,3.884876924402573,277.83898207720586,2.206710366641774,-0.8731401106890511,-0.0270931720733642,718.9250919117648,49.334,-0.431,2.0
14066001_419,258.5,71.13333333333334,278.06208333333336,283.1408333333333,9.300833333333332,0.6000000000000001,2,14066001,0.0,9.825231552124023,243.86739095052084,8.715670267740885,4.197343826293945,283.76824951171875,281.0183512369792,83.23486836751302,101616.91666666669,279.29196346507354,276.58694278492646,64.49179974724265,8.683309218462776,296.3023322610294,6.580930822035846,-4.336734098546645,-0.1622546981362735,1364.2572380514705,49.334,-0.431,2.0
14066001_598,176.70833333333334,88.425,290.14125,292.1433333333334,3.159166666666667,0.2,8,14066001,0.0,3.395655949910482,167.53893025716147,0.3912435372670491,0.6684427261352539,289.2147827148437,284.071533203125,72.45210774739583,102541.33333333331,289.97213924632354,288.64659926470586,87.77755916819854,6.507133035098805,221.4459587545956,4.600182925953584,1.6432163014131431,0.0549945796237272,1847.1754365808824,49.334,-0.431,2.0
14066001_658,218.33333333333331,77.125,282.91333333333336,286.97083333333336,5.839583333333334,0.0,10,14066001,5.599999999999999,6.775118509928386,171.051513671875,0.4633493423461914,6.092969258626302,288.98793538411456,285.986083984375,83.14874776204427,100555.1875,287.5946403952206,284.9424689797794,74.27062270220588,12.451777738683363,220.21590647977945,7.911592371323529,9.262752757352942,0.3539261537439683,733.8099724264706,49.334,-0.431,2.0
14066001_124,115.83333333333331,77.62083333333334,278.84583333333336,282.7941666666666,3.44125,0.0,5,14066001,0.0,4.011717478434245,111.69097900390624,-2.9698448181152344,-0.4714185794194539,282.9532877604167,278.9779663085937,76.92376200358073,102657.64583333331,283.01921530330884,278.8176987591912,54.375682157628674,4.846837212057674,114.231201171875,-3.746558021096622,1.8964107737821687,0.0680044538834515,2179.6875,49.334,-0.431,2.0
14066001_417,256.3333333333333,88.1875,281.93125000000003,283.8283333333333,6.608333333333333,0.0,2,14066001,0.2,6.146016438802083,250.7746988932292,5.736429850260417,1.833742618560791,282.8564046223958,282.3616129557292,96.7833964029948,102303.46875,282.4997989430147,281.4635799632353,87.4937744140625,12.778634464039522,246.1632582720588,11.656591976390166,5.108025943531709,0.1983112447402056,1344.1534926470588,49.334,-0.431,2.0
14066001_577,127.5,78.94166666666666,286.555,290.37375000000003,2.8275,0.0,7,14066001,0.0,6.6777299245198565,231.9831746419271,5.016323089599609,3.576167424519857,291.3323160807292,286.3123779296875,73.29231770833333,100946.05208333331,290.38623046875,286.6316348805147,66.24988511029412,1.9470443725585933,86.62227136948529,-1.02977393655216,-1.3079776763916016,-0.0239176189198213,1313.7204733455883,49.334,-0.431,2.0
14066001_314,272.0833333333333,78.77916666666667,279.87333333333333,283.50791666666663,6.10625,1.6000000000000003,11,14066001,0.0,8.541000366210938,274.7411499023437,7.304851531982422,-1.709381739298503,284.3387044270833,279.7578125,74.09815470377605,101031.85416666669,282.76051240808823,281.1360581341912,82.56751924402573,7.826854930204504,260.9388212316176,7.095476487103631,0.5706704083610984,-0.024963939891142,831.3635684742648,49.334,-0.431,2.0
14066001_491,123.95833333333331,88.38333333333333,282.84166666666664,284.71708333333333,4.239583333333333,2.2000000000000006,5,14066001,0.0,9.6603635152181,61.24077351888021,-8.00616455078125,-4.83217175801595,284.5911051432292,282.1747436523437,85.21289571126302,101613.22916666669,283.8357364430147,282.69114774816177,87.0447136374081,4.131893382352941,99.79879940257354,-2.1674358143525967,-2.228508219999425,-0.079309112885419,792.9431295955883,49.334,-0.431,2.0
14066001_55,141.75,63.42916666666667,272.75416666666666,279.415,2.77875,0.2,2,14066001,0.0,4.371881484985352,183.1961873372396,0.6116793553034464,-2.543524265289306,279.0375569661458,273.3123779296875,66.99617004394531,101672.29166666669,278.3463924632353,275.30738740808823,60.42787798713236,4.656851375804228,118.11573701746325,-0.5681634229772231,-3.549707300522748,-0.1223063889671774,1316.1613051470588,49.334,-0.431,2.0
14066001_11,259.3333333333333,76.00416666666666,276.2308333333333,280.2604166666667,7.973333333333334,1.0000000000000002,1,14066001,0.0,10.614274342854818,263.7094319661458,10.095450083414711,0.1589233477910359,281.15146891276044,277.0439453125,75.87240600585938,100333.88541666669,280.4884823069853,278.5341222426471,80.28440946691177,8.48044631060432,258.302734375,8.092831779928769,1.0928279652315027,0.0241980622796451,160.25179515165442,49.334,-0.431,2.0
14066001_137,214.95833333333331,84.66666666666667,282.17875,284.8270833333333,2.31,0.0,5,14066001,12.5,3.400144894917806,213.5908203125,1.8465344111124675,0.6715375582377116,284.243408203125,281.5981852213542,84.33439127604167,101858.58333333331,283.7659696691176,281.8362534466912,79.18217198988971,5.434291615205653,257.4243738511029,5.149067149442785,0.9915531382841224,0.0261253469130572,1547.9167049632354,49.334,-0.431,2.0
14066001_62,268.7083333333333,76.99583333333334,277.2345833333333,281.06166666666667,7.219583333333333,1.0000000000000002,3,14066001,6.2,9.455865224202476,269.55859375,6.998696009318034,-1.903680960337321,280.69647216796875,276.6013590494792,75.39793904622395,100706.875,280.00048828125,278.23193359375,77.52428481158088,10.03181906307445,279.56652113970586,7.971317066865809,-2.913530910716337,-0.1044006768394919,562.0695082720588,49.334,-0.431,2.0
14066001_447,86.58333333333333,88.82083333333333,279.1479166666667,280.9004166666667,2.4141666666666666,15.5,3,14066001,1.6000000000000003,6.711252212524414,162.37726847330728,-1.6336224873860676,2.809717496236165,280.4810791015625,276.8590494791667,77.8938496907552,100733.5625,279.63444967830884,277.3284122242647,71.4924675436581,6.3029632568359375,149.91827033547793,-1.4989538753733915,5.491924061494715,0.2247397338642793,546.1514246323529,49.334,-0.431,2.0
14066001_474,61.708333333333336,63.88333333333333,275.78083333333336,282.3616666666667,6.427499999999999,0.0,4,14066001,0.0,5.980312983194987,86.90557861328125,-3.580468495686849,-3.9797789255777993,282.2266031901042,276.50494384765625,68.04746500651042,102892.51041666669,287.39504825367646,283.0369370404412,58.899607938878674,8.323489918428308,215.3327205882353,4.478048885569853,6.543631160960478,0.2093626190634334,1014.1486672794116,49.334,-0.431,2.0
14066001_249,129.83333333333334,88.05416666666667,290.6820833333333,292.7270833333333,1.997083333333333,0.0,9,14066001,0.2,3.597903251647949,128.80500284830728,-1.7087491353352864,-0.7476214567820231,292.4719645182292,290.97092692057294,91.05994669596356,102397.35416666669,292.2625229779412,289.64453125,77.29812442555146,4.480520809397978,200.11517693014707,0.9546573863309972,-1.388977611766142,-0.0215503924033221,2012.093979779412,49.334,-0.431,2.0
14066001_414,130.875,81.425,276.6058333333333,279.7041666666667,2.00125,0.2,2,14066001,0.0,1.732709248860677,190.19291178385416,-0.1514503558476766,0.354737122853597,277.1072998046875,276.90928141276044,98.6385498046875,102893.69791666669,281.46949678308823,279.35207950367646,74.80936925551471,9.36294735179228,256.29635799632354,8.637259090647978,1.8373009176815256,0.0434448438532212,2042.480698529412,49.334,-0.431,2.0
14066001_406,73.20833333333333,76.44583333333334,273.4629166666667,277.2604166666667,5.0808333333333335,0.2,2,14066001,1.2000000000000002,5.569499969482422,75.09512329101562,-4.957689921061198,-1.5585710207621255,277.9178466796875,274.07916259765625,76.20419311523438,102478.85416666669,275.8765510110294,274.66842830882354,81.70446059283088,5.222942576688879,80.64127843520221,-4.934956270105698,-0.9416351318359376,-0.1090739965438842,2020.021369485294,49.334,-0.431,2.0
14066001_484,128.91666666666666,72.54583333333333,278.51916666666665,283.84000000000003,2.864583333333333,0.0,4,14066001,7.399999999999999,3.781956354777018,248.0667521158854,2.424785296122233,-1.263339281082153,283.0081787109375,279.195556640625,78.00447082519531,101746.63541666669,287.39504825367646,283.0369370404412,58.899607938878674,8.323489918428308,215.3327205882353,4.478048885569853,6.543631160960478,0.2093626190634334,1014.1486672794116,49.334,-0.431,2.0
14066001_614,262.125,78.12083333333334,284.9571759259259,288.8270833333333,5.05625,0.2,9,14066001,0.0,6.073026021321614,241.3720499674479,4.7612959543863935,2.6316744486490884,291.577392578125,288.7528076171875,84.03208923339844,101728.10416666669,288.0127814797794,285.1160386029412,72.28337545955883,9.306015912224264,276.88815487132354,9.155636058134192,-1.0876519820269417,-0.077437772470362,1793.8178998161766,49.334,-0.431,2.0
14066001_53,275.2916666666667,80.52083333333333,276.1,279.37,3.04625,3.2,2,14066001,0.0,4.936289151509603,244.4370930989584,2.371728738149008,-3.5622641245524087,280.0922037760417,276.19382731119794,76.5352783203125,101784.375,278.8186753216912,276.9105009191176,74.81666475183823,4.831388136919807,249.63694852941177,2.3847932254566864,-3.015943639418658,-0.1140689919976627,1357.1616498161766,49.334,-0.431,2.0
14066001_630,192.04166666666663,79.04166666666667,282.42541666666665,286.3029166666667,2.197083333333333,0.0,9,14066001,0.2,5.449967702229817,213.7706502278646,2.3685776392618814,3.1457767486572266,287.90399169921875,284.327880859375,79.79756673177083,101751.72916666669,288.3968003216912,282.7803596047794,48.770130830652576,6.290839700137868,162.7892348345588,-1.6453955033246208,5.886916665469899,0.1519250869750976,1794.178768382353,49.334,-0.431,2.0
14066001_527,234.875,84.58749999999999,287.08583333333337,289.77791666666667,3.4058333333333337,0.4000000000000001,6,14066001,0.2,3.793631235758464,200.7097371419271,1.5692032178243,3.2527875900268555,292.30173746744794,285.5753173828125,66.99203491210938,101796.5,286.76964613970586,284.2923943014706,75.3255256204044,7.362588321461397,275.0673828125,6.8304753023035385,-0.4047283845789292,-0.0042355516377617,1676.3011259191176,49.334,-0.431,2.0
14066001_14,314.2916666666667,68.35416666666667,273.4175,278.92333333333335,8.014583333333333,6.4,1,14066001,1.0,10.35043207804362,318.72422281901044,5.7115478515625,-7.665504455566406,279.5373128255208,273.2264404296875,64.66676839192708,102163.11458333331,277.5417049632353,274.67379940257354,61.68367991727941,10.945707433363973,312.21145450367646,7.351865431841682,-6.708510006175322,-0.3419144293841193,1641.1002987132354,49.334,-0.431,2.0
14066001_295,119.66666666666669,81.6375,281.23,284.34791666666666,2.6054166666666667,1.4000000000000004,10,14066001,16.3,3.419351577758789,99.23133341471356,-2.7880115509033203,0.0717452764511108,284.72117106119794,281.58766682942706,81.30582682291667,101451.89583333331,283.5667509191176,282.0384306066176,82.44577923943015,2.61474115708295,129.06670783547793,-2.017742605770336,0.6131031933952781,-0.0505200624465942,1221.048713235294,49.334,-0.431,2.0
14066001_171,228.16666666666663,91.3875,288.50166666666667,289.9370833333333,5.125,7.8,6,14066001,2.7999999999999994,7.107041041056315,226.5317586263021,4.504844665527344,4.687058766682942,289.23061116536456,287.65854899088544,90.43931070963542,101774.9375,287.7524988511029,286.85730698529414,90.83493221507354,9.117384966681986,222.0658892463236,5.605702119715073,6.7371727438534,0.2314281323376824,1523.5815716911766,49.334,-0.431,2.0
14066001_636,182.91666666666663,87.14166666666667,288.34208333333333,290.53375,2.799583333333333,0.2,9,14066001,0.6000000000000001,3.81281852722168,172.83382161458334,-0.1643742720286051,3.66102663675944,289.8956298828125,286.9556884765625,84.02274576822917,101915.02083333331,289.76536649816177,288.4030330882353,87.15008185891544,7.340744916130514,220.48313993566177,3.538956137264476,4.930726444019991,0.1510012009564568,1531.893612132353,49.334,-0.431,2.0
14066001_292,288.2083333333333,68.87916666666666,280.03291666666667,285.64625,5.484583333333333,0.8000000000000002,10,14066001,2.2,6.996173858642578,277.0926920572917,4.262793858846028,-3.8778905868530273,286.10105387369794,280.4027506510417,68.75209045410156,102240.25,284.4001895680147,281.4061925551471,67.17040297564338,8.464029648724724,284.21579159007354,6.638361313763787,-4.460587894215303,-0.2623969807344324,1869.3293887867649,49.334,-0.431,2.0
14066001_485,150.95833333333334,75.12916666666666,278.96083333333337,283.3333333333333,3.49875,7.399999999999999,4,14066001,11.5,3.781956354777018,248.0667521158854,2.424785296122233,-1.263339281082153,283.0081787109375,279.195556640625,78.00447082519531,101746.63541666669,287.39504825367646,283.0369370404412,58.899607938878674,8.323489918428308,215.3327205882353,4.478048885569853,6.543631160960478,0.2093626190634334,1014.1486672794116,49.334,-0.431,2.0
14066001_653,191.70833333333331,73.32083333333334,287.18,292.31583333333333,3.428333333333333,0.0,10,14066001,0.0,3.083716710408529,146.26741536458334,-0.8932137489318848,1.2160385449727376,288.07566324869794,286.94264729817706,93.119140625,102472.79166666669,292.41575712316177,287.9226792279412,62.3593319163603,11.651568244485292,197.9253216911765,2.636793697581572,10.470525404986214,0.3045171849867877,1501.1849724264705,49.334,-0.431,2.0
14066001_7,188.0,84.62916666666666,277.01000000000005,279.4191666666666,3.744583333333333,0.0,1,14066001,9.5,4.532112121582031,194.789306640625,1.0024831295013428,4.240142186482747,279.90574137369794,277.4090169270833,84.22889200846355,100152.0,278.98336971507354,277.20947265625,84.08514045266544,4.513253604664522,187.60854204963235,0.6148835350485409,4.261558981502757,0.1795344773460837,198.5298138786765,49.334,-0.431,2.0
14066001_325,177.08333333333334,69.4111111111111,279.93333333333334,285.4629166666667,6.274583333333333,1.6000000000000003,11,14066001,0.0,9.283536275227863,170.58368937174478,-1.0502967834472656,8.75304094950358,285.4308268229167,282.1454671223958,80.57733154296875,98982.92708333331,281.11888212316177,282.27564912683823,85.83399873621323,20.80072380514705,211.37882008272047,10.426290175494026,15.524961583754596,0.4443149847142836,3244.094439338235,49.334,-0.431,2.0
14066001_365,196.79166666666663,95.40833333333336,270.10291666666666,270.7370833333334,1.46375,0.0,12,14066001,0.2,2.8284546534220376,172.84574381510416,-0.2162857453028361,2.114186445871989,274.0942789713542,271.6742553710937,83.62439982096355,103300.38541666669,276.1544979319853,275.84762752757354,94.76343491498162,9.984221514533548,228.6617934283088,6.988355300005744,6.301586375517004,0.1497732471017276,1674.5463005514705,49.334,-0.431,2.0
14066001_685,202.875,90.9125,280.7375,282.1725,1.3179166666666666,0.4000000000000001,11,14066001,0.4000000000000001,3.1354287465413413,229.8100382486979,2.0115280151367188,2.0023406346639,283.8484293619792,281.18410237630206,83.71895853678386,102574.625,282.14504825367646,280.65432559742646,82.20381433823529,2.783740099738626,139.5963924632353,-1.4125236062442554,-1.1651285956887638,-0.1265614313237807,2236.8959099264707,49.334,-0.431,2.0
14066001_489,49.66666666666666,86.22916666666667,282.46791666666667,284.7004166666667,6.883333333333333,0.0,5,14066001,0.0,6.255917867024739,64.01390584309895,-2.142574151357015,-5.511783599853516,283.90545654296875,281.19203694661456,83.40985107421875,101958.5,282.38758042279414,281.0501206341912,84.07640165441177,6.444829155417049,118.34897748161764,-1.740606756771312,-5.640056385713465,-0.2212526097017176,1592.5582490808824,49.334,-0.431,2.0
14066001_595,250.58333333333331,78.05833333333334,286.4558333333334,290.5391666666667,5.24,0.8000000000000002,8,14066001,0.0,5.661091486612956,219.44535319010416,3.38470458984375,2.759767532348633,292.2364501953125,289.691162109375,85.39087931315105,101521.32291666669,288.1043485753676,285.0396082261029,71.03606818704044,8.76149076573989,269.26734834558823,8.501621021943933,0.2065961501177619,-0.0155852401957792,1703.9514016544117,49.334,-0.431,2.0
14066001_451,91.125,87.51666666666667,279.52375,281.55458333333337,1.4029166666666668,0.2,3,14066001,0.6000000000000001,5.966689427693685,74.044677734375,-5.403807322184245,-1.8213896751403809,282.9595947265625,279.0681966145833,77.05003356933594,101976.45833333331,282.6466854319853,278.4612821691176,53.536915498621326,6.827494901769302,88.35594267003677,-6.465031343347886,-0.4889405755435719,-0.0680550266714657,1595.573184742647,49.334,-0.431,2.0
14066001_93,176.875,77.64999999999999,280.36791666666664,284.46541666666667,3.39,0.2,4,14066001,0.6000000000000001,4.907459894816081,165.5114542643229,-0.5090638796488444,3.931598981221517,283.7306722005208,280.1134440104167,79.1052754720052,100473.9375,282.6455652573529,280.9876206341912,83.65964642693015,5.150959239286535,164.69445082720588,-1.300494811114143,4.763027415556066,0.1665296975304098,470.6517118566176,49.334,-0.431,2.0
14066001_539,258.375,75.99583333333334,285.32750000000004,289.72125,4.36,0.0,6,14066001,0.2,5.638387680053711,283.7049967447917,4.652441024780273,-1.989750385284424,292.0249430338542,288.781982421875,81.72107442220052,101464.0,289.9070542279412,286.9613396139706,73.25551470588235,7.965023265165441,245.08340992647047,7.039678685805377,3.339689815745634,0.1340081271003274,1523.2112821691176,49.334,-0.431,2.0
14066001_694,287.375,75.88333333333334,275.9175,280.03041666666667,6.267083333333333,8.6,11,14066001,6.800000000000001,4.026623407999675,228.9738972981771,2.0105759302775064,-0.8346203168233236,282.5610758463542,279.6410725911458,82.19437662760417,101091.20833333331,279.74879365808823,276.8545496323529,63.47247673483456,10.648187973920036,287.39588120404414,9.974360746495863,-3.179476794074564,-0.2631120962255141,2148.618106617647,49.334,-0.431,2.0
14066001_225,226.875,84.62083333333332,286.6345833333333,289.325,2.3829166666666666,0.2,8,14066001,0.0,2.7523091634114585,194.0199178059896,1.4777291615804036,-0.3039754827817281,288.909423828125,287.31569417317706,90.41013590494792,102500.53125,287.49462890625,286.4243738511029,89.58205997242646,3.94847510842716,279.9486730238971,3.192217658547794,-1.5424812541288488,-0.0280843447236453,2070.1585477941176,49.334,-0.431,2.0
14066001_45,153.25,68.22916666666667,273.66375,279.09791666666666,9.279583333333331,0.2,2,14066001,0.0,10.62447992960612,38.146514892578125,-1.410880406697591,-10.462152481079102,279.0498860677083,273.3302408854167,66.68069966634114,102300.90625,277.2788660386029,274.6500459558824,64.14619715073529,12.51601634306066,10.76022159352022,-2.3085742277257584,-12.278232350068931,-0.4574452007518095,1622.3284696691176,49.334,-0.431,2.0
14066001_349,139.54166666666666,81.92916666666666,277.71541666666667,280.6658333333333,2.88125,0.0,12,14066001,0.0,4.345043818155925,162.3969523111979,-1.1134504477183025,4.059778849283855,281.0707194010417,278.71630859375,85.24230448404948,101962.83333333331,281.4781135110294,278.0707146139706,61.83240464154412,8.662945915670957,170.11598115808823,-1.6463795830221737,8.379706887637868,0.1811354861539953,1560.911994485294,49.334,-0.431,2.0
14066001_136,271.2916666666667,81.97500000000001,281.21541666666667,284.33833333333337,3.669166666666667,0.0,5,14066001,0.0,4.566597620646159,283.9853922526042,3.293182373046875,-1.426609992980957,283.7554931640625,281.388916015625,85.56924438476562,102235.33333333331,283.4060489430147,281.6590360753676,80.23060518152573,6.398055581485524,286.83473115808823,5.694342669318704,-1.565447078031652,-0.0664575029821956,1818.9741498161768,49.334,-0.431,2.0
14066001_273,218.625,73.97500000000001,283.04291666666666,287.9495833333333,3.092916666666667,0.0,9,14066001,0.6000000000000001,4.6402161916097,227.8549194335937,3.341219902038574,2.670191446940104,287.88690185546875,283.92258707682294,78.58022054036458,101479.125,287.0867417279412,284.2819393382353,73.35361615349265,5.7668618594898895,236.23833869485293,4.465156106387868,2.6770771251005283,0.0782535917618695,1258.3685661764705,49.334,-0.431,2.0
14066001_193,277.9166666666667,75.07083333333334,284.33166666666665,288.93208333333337,4.73125,2.2,7,14066001,1.8,5.53304926554362,271.486083984375,4.389001528422038,-1.1161333719889324,288.6146647135417,284.5577392578125,77.21854654947917,101469.54166666669,287.37462660845586,285.3456456801471,79.79755715762867,6.366659725413603,258.0243278952206,5.923430498908548,1.1145756665398092,0.0129219363717471,1201.586971507353,49.334,-0.431,2.0
14066001_704,232.83333333333331,89.66666666666667,280.0733333333333,281.70875,2.73625,0.0,12,14066001,0.0,4.961629867553711,313.8207194010417,2.6118863423665366,-3.2828404108683267,283.40452067057294,279.16038004557294,75.31691487630208,103391.22916666669,279.96725643382354,277.3376895680147,67.97854434742646,9.37744768928079,225.52956973805144,6.092930513269761,6.413203519933364,0.2352891529307645,2559.750689338235,49.334,-0.431,2.0
14066001_223,262.5833333333333,73.03750000000001,284.9833333333333,290.1691666666667,5.096666666666667,0.0,8,14066001,0.0,6.748027165730794,261.7776692708333,5.841103871663411,-0.1430025299390157,289.79656982421875,285.2344970703125,75.44529215494792,102520.60416666669,286.98351332720586,283.88938993566177,69.0553337545956,6.819047366871553,310.47458065257354,2.8092485315659466,-5.695330451516544,-0.2488551420323989,2117.549632352941,49.334,-0.431,2.0
14066001_507,154.5,76.8625,284.95458333333335,289.1995833333333,2.64875,0.0,5,14066001,0.0,4.067817687988281,110.87510172526042,-3.196420351664225,0.4002645015716553,286.9827067057292,283.7060139973958,81.2045389811198,102241.1875,283.32384535845586,281.4709903492647,79.34555951286765,6.31378173828125,253.83048023897047,5.942706388585708,1.9001433428596048,0.0597543786553775,1138.972541360294,49.334,-0.431,2.0
14066001_85,198.79166666666663,83.60000000000001,281.0475,283.7454166666667,5.852083333333333,16.3,3,14066001,1.6000000000000003,8.331851323445639,192.3858846028646,1.7092444101969402,6.884782791137695,283.3851318359375,280.92169189453125,84.86093648274739,100846.9375,282.45140165441177,281.15696806066177,84.65781537224265,9.798286886776197,191.74965533088235,1.4196656171013329,9.251926197725185,0.3218571999493767,832.3262293198529,49.334,-0.431,2.0
14066001_345,217.45833333333331,88.56666666666666,278.2325,280.09083333333336,2.3745833333333333,0.6000000000000001,12,14066001,0.2,3.4418233235677085,233.994873046875,2.552427609761556,1.3017963568369548,281.4945882161458,280.6090087890625,94.26646931966144,102640.89583333331,285.4185144761029,281.99195772058823,64.43478573069854,9.426783842198988,208.5850327435662,4.4912244011374085,8.236383774701286,0.1281676011926987,2173.379825367647,49.334,-0.431,2.0
14066001_34,249.125,90.58333333333331,280.67,282.13,6.052916666666667,0.0,2,14066001,0.4000000000000001,8.054648081461588,254.2165934244792,7.447531382242839,1.899153232574463,281.82525634765625,280.0445149739583,88.7251688639323,103007.01041666669,280.53337545955884,279.3233857996324,84.56989602481617,14.184196920955882,264.4474092371324,13.729162777171416,1.7584860184613396,0.0965047794229844,2409.477481617647,49.334,-0.431,2.0
14066001_668,79.0,70.27499999999999,279.0120833333333,284.3245833333333,3.889166666666666,0.0,10,14066001,0.2,10.608381907145182,222.8445841471354,7.150620778401692,7.613932291666667,287.62131754557294,282.9297281901042,73.76400756835938,100936.28125,282.1571691176471,279.38786764705884,67.61229750689338,2.179599986356848,172.89593864889707,-0.3764947442447438,1.993974573471967,0.0338990758447086,2289.401194852941,49.334,-0.431,2.0
14066001_112,125.125,95.1875,283.09541666666667,283.84708333333333,2.19375,6.6000000000000005,4,14066001,0.6000000000000001,3.4160887400309243,173.36039225260416,-0.238941748936971,-1.654821554819743,283.2821451822917,282.28639729817706,93.57456461588542,101778.38541666669,284.50988051470586,283.1810087316176,85.99470789292279,4.936037400189568,254.8187327665441,3.0197446486529183,-1.5024961583754597,-0.0517609540153952,1477.9164751838234,49.334,-0.431,2.0
14066001_348,132.33333333333334,77.52083333333333,276.77875,280.5366666666667,2.565,0.2,12,14066001,0.0,4.801385879516602,144.29393513997397,-2.805419921875,3.8161404927571616,281.3963216145833,277.7859700520833,78.17771911621094,101964.91666666669,281.4781135110294,278.0707146139706,61.83240464154412,8.662945915670957,170.11598115808823,-1.6463795830221737,8.379706887637868,0.1811354861539953,1560.911994485294,49.334,-0.431,2.0
14066001_285,104.79166666666669,73.89999999999999,278.85,283.43666666666667,4.339166666666666,0.0,10,14066001,0.0,6.828463236490886,84.54900614420573,-6.567562739054362,-0.8586571216583252,284.58502197265625,280.5692749023437,76.54779052734375,101715.35416666669,283.14128561580884,280.48098575367646,69.83086081112133,4.107265696806066,100.90435431985294,-3.789237527286305,-0.0962294410256778,-0.0447969752199509,1713.5903033088234,49.334,-0.431,2.0
14066001_181,239.66666666666663,86.59166666666665,288.35541666666666,290.6516666666667,4.4262500000000005,1.2000000000000002,6,14066001,1.3999999999999997,5.645038604736328,236.0126953125,4.459041277567546,2.9478909174601235,290.1044921875,287.4072672526042,84.34325663248698,101224.48958333331,289.46159811580884,288.09619140625,86.82999913832721,7.499490176930147,229.35483685661765,5.470024557674632,4.703177059397978,0.1630537229425767,981.0403262867648,49.334,-0.431,2.0
14066001_326,207.29166666666663,75.00833333333334,277.41291666666666,281.69875,5.964583333333334,0.0,11,14066001,1.2000000000000002,7.651053746541341,204.16357421875,3.324605941772461,6.626167297363281,283.0015869140625,278.6679077148437,74.66998291015625,100452.91666666669,282.37181181066177,280.0057157628676,74.00701545266544,9.63051829618566,205.47173713235293,4.336359809426701,8.484312169692096,0.3582183052511776,173.34425264246323,49.334,-0.431,2.0
14066001_446,165.16666666666666,80.875,276.9745833333333,280.0783333333333,3.2579166666666666,6.2,3,14066001,15.5,5.827154795328776,247.24674479166663,4.277820587158203,1.2930277983347576,281.73537190755206,276.0259195963542,68.23260498046875,101235.29166666669,279.63444967830884,277.3284122242647,71.4924675436581,6.3029632568359375,149.91827033547793,-1.4989538753733915,5.491924061494715,0.2247397338642793,546.1514246323529,49.334,-0.431,2.0
14066001_467,256.6666666666667,78.04583333333333,278.32125,282.02750000000003,4.869166666666667,0.0,4,14066001,0.2,2.868040402730306,162.28970336914062,0.1861527363459269,-1.17117444674174,282.56414794921875,279.10321044921875,79.39164225260417,102835.67708333331,287.39504825367646,283.0369370404412,58.899607938878674,8.323489918428308,215.3327205882353,4.478048885569853,6.543631160960478,0.2093626190634334,1014.1486672794116,49.334,-0.431,2.0
14066001_169,280.4583333333333,86.02916666666665,285.26000000000005,287.65000000000003,4.31,0.0,6,14066001,0.6000000000000001,5.526627858479817,289.1607666015625,4.277071317036946,-1.8262704213460288,287.043212890625,285.1568196614583,88.62312825520833,102003.64583333331,286.0232651654412,285.0380859375,89.882568359375,7.116023792940028,280.4967830882353,6.248373592601103,-0.9602410933550668,-0.0414553249583524,1571.8058363970588,49.334,-0.431,2.0
14066001_402,228.70833333333331,78.99166666666666,276.5791666666667,280.0516666666667,4.124583333333334,2.4,2,14066001,1.2,5.739672342936198,188.5365193684896,-0.8737759590148926,-2.53175942103068,279.9534098307292,278.1400553385417,88.33133951822917,100124.15625,278.70260799632354,276.8540613511029,74.89715935202206,6.61312058392693,231.55460133272047,1.224270091337316,-0.0599831973805147,0.0033781668719123,1418.0151654411766,49.334,-0.431,2.0
14066001_696,240.66666666666663,90.34166666666664,280.41,281.9225,7.610416666666667,18.8,11,14066001,4.6,7.45720100402832,272.2603352864583,6.517032623291016,-0.9416685104370116,280.8826904296875,276.44834391276044,74.16601053873698,102700.625,280.6266084558824,278.80724379595586,78.1920525045956,7.704526115866268,283.90759995404414,6.348487405215993,-1.4247936921961166,-0.0978837013244628,836.4247472426471,49.334,-0.431,2.0
14066001_708,245.83333333333331,80.14999999999999,274.48125,277.71708333333333,5.199166666666667,2.2000000000000006,12,14066001,15.1,11.764699300130207,300.1134847005208,8.924126307169596,-5.974620819091797,280.7520345052083,273.5712483723958,60.87757364908854,101850.52083333331,279.08909696691177,280.1374942555147,83.5775505514706,17.758880615234375,223.3263442095588,10.50024683335248,9.57448802274816,0.1748899572035845,3146.0512408088234,49.334,-0.431,2.0
14066001_597,177.41666666666666,79.8875,285.19,288.8525,2.452916666666667,0.6000000000000001,8,14066001,0.2,7.344289779663086,269.1818440755208,6.954338073730469,-0.1271016995112101,289.5845540364583,284.1574300130208,70.76814778645833,102115.75,289.97213924632354,288.64659926470586,87.77755916819854,6.507133035098805,221.4459587545956,4.600182925953584,1.6432163014131431,0.0549945796237272,1847.1754365808824,49.334,-0.431,2.0
14066001_564,91.70833333333331,77.97500000000001,291.05375,295.1358333333333,3.88,0.0,7,14066001,0.0,4.39042854309082,105.69808959960938,-1.7596330642700195,-2.377576986948649,290.9693196614583,289.9916178385417,94.18600463867188,102126.5,295.5350988051471,291.2314453125,67.60633042279412,5.291109421673943,199.48227826286765,2.0054087919347428,4.40742088766659,0.1808523851282456,560.8543772977941,49.334,-0.431,2.0
14066001_721,248.20833333333331,96.07083333333333,281.3808333333333,281.98833333333334,3.06125,1.8,12,14066001,0.2,3.65876579284668,243.6136678059896,3.208994229634603,1.5504751205444336,281.5700276692708,280.9178059895833,95.71619669596356,103714.29166666669,281.23170381433823,280.7555147058824,93.8699520335478,6.587711109834559,260.76588350183823,6.442280488855698,1.170507318833295,0.0516377687454223,2946.829963235294,49.334,-0.431,2.0
14066001_208,244.25,79.8875,287.7575,291.36833333333334,4.590000000000001,0.0,7,14066001,0.4000000000000001,5.085165659586589,247.25248209635416,4.420309066772461,1.6744500796000164,291.14182535807294,288.3330485026042,83.87964884440105,101919.47916666669,289.40699678308823,287.3590877757353,80.7578484030331,7.185336842256434,243.33030790441177,6.3329018985523895,3.1752902760225186,0.1325604494880227,1625.2125459558824,49.334,-0.431,2.0
14066001_713,241.375,84.3875,275.8183333333333,278.29625,7.23375,9.000000000000002,12,14066001,7.400000000000001,10.454392751057943,236.19087727864584,7.802591959635417,4.630940119425456,282.5487060546875,279.41554768880206,80.99949137369792,100292.85416666669,278.0067784926471,278.68640854779414,76.02157772288604,16.103262508616726,302.5481962316176,12.125218110926012,-6.980405919692096,-0.4558723674100988,3979.96875,49.334,-0.431,2.0
14066001_87,238.95833333333331,76.69583333333334,278.07666666666665,282.00416666666666,9.55875,4.0,3,14066001,0.6000000000000001,11.90863291422526,234.798583984375,8.222993850708008,6.931410471598308,281.6767985026042,277.3880615234375,74.59289042154948,99706.27083333331,279.9065946691176,280.70168887867646,79.83057358685662,21.9961134966682,230.1405101102941,14.28156145881204,13.945436365464154,0.5306798149557674,3754.798713235294,49.334,-0.431,2.0
14066001_647,227.875,91.64166666666668,285.4916666666667,286.88666666666666,2.970416666666667,1.2,10,14066001,0.0,4.246553738911946,284.87693277994794,3.5152149200439453,-1.2841907342274983,287.9779052734375,284.9612630208333,82.431884765625,102088.26041666669,286.53420840992646,285.1993623621324,86.20149500229779,6.834318273207721,242.63315716911765,5.865063386804917,3.207688499899472,0.1057836308198816,1542.3685661764705,49.334,-0.431,2.0
14066001_148,204.54166666666663,95.30833333333334,285.77416666666664,286.53875,3.137916666666667,0.2,5,14066001,0.0,3.740760803222656,243.1748860677084,0.4904377460479736,-2.673542658487956,285.6806233723958,285.04416910807294,96.04648844401042,101320.0,284.0730985753676,283.6526309742647,95.53307387408088,3.2937083524816178,249.37327665441177,0.5501284318811753,-2.481342540067785,-0.0761323676389806,1102.0703125,49.334,-0.431,2.0
14066001_660,266.1666666666667,77.76064814814815,281.1450462962963,284.9972685185185,7.094583333333333,2.0,10,14066001,1.2000000000000002,10.608381907145182,222.8445841471354,7.150620778401692,7.613932291666667,287.62131754557294,282.9297281901042,73.76400756835938,100936.28125,284.9097541360294,283.9800666360294,89.76144588694854,10.580240586224724,232.39236270680144,8.182857737821692,6.361177781048943,0.2427559740403119,1772.4240579044117,49.334,-0.431,2.0
14066001_303,101.29166666666669,82.48333333333333,282.2616666666667,285.2616666666667,2.73875,0.2,10,14066001,0.0,5.146765391031901,98.12579345703124,-4.873000144958496,0.3207261562347412,285.3163045247396,283.2855224609375,87.83819580078125,102793.52083333331,283.19939108455884,282.0649988511029,87.68138212316177,6.890615575453815,111.0578972311581,-6.213456995346967,2.559336942784926,0.0595107218798469,2273.5546875,49.334,-0.431,2.0
14066001_240,238.20833333333331,72.5,287.1075,292.58583333333337,5.25,0.6,8,14066001,1.2,6.23581059773763,246.8238118489584,5.6032670338948565,2.258411089579264,292.6773681640625,287.4059651692708,72.9166259765625,101621.86458333331,291.87649356617646,288.59337660845586,72.45246438419117,7.390200446633732,243.27797564338235,6.330392276539522,3.2081826153923485,0.1433550610261804,1317.329963235294,49.334,-0.431,2.0
14066001_126,144.75,66.4875,281.81375,288.52416666666664,2.61,0.0,5,14066001,0.6000000000000001,3.859415054321289,125.05790201822916,-2.6884212493896484,1.8452990849812825,287.9293619791667,282.9009602864583,72.65645345052083,100900.41666666669,288.1941923253676,283.03952205882354,53.48069852941177,4.467914805692785,128.5481387867647,-3.18027541216682,2.4726614110610066,0.070935333476347,791.1520565257352,49.334,-0.431,2.0
14066001_354,160.16666666666666,83.47500000000001,274.8570833333334,277.4429166666667,2.4125,0.2,12,14066001,6.300000000000001,3.944270769755045,161.19427490234375,-0.6268043915430704,2.654957771301269,277.7932942708333,275.3346354166667,84.71834309895833,102191.26041666669,281.4781135110294,278.0707146139706,61.83240464154412,8.662945915670957,170.11598115808823,-1.6463795830221737,8.379706887637868,0.1811354861539953,1560.911994485294,49.334,-0.431,2.0
14066001_299,219.95833333333331,95.17083333333332,283.22791666666666,283.9791666666667,1.55625,0.2,10,14066001,0.0,1.777921994527181,191.44942220052084,0.0835237503051757,0.0056136151154836,285.2561442057292,283.77891031901044,90.96502685546876,102981.02083333331,282.37646484375,282.0459558823529,96.17725327435662,2.8559292063993564,175.78838752297793,-1.059111987843233,1.5324814740349264,0.0973637945511761,2356.682674632353,49.334,-0.431,2.0
14066001_729,246.16666666666663,88.575,283.31375,285.1691666666666,9.507083333333332,4.4,12,14066001,12.6,8.995041529337565,222.86283365885416,5.708638509114583,4.661389032999675,280.50840250651044,277.0563557942708,79.39865112304688,100445.91666666669,285.98147403492646,283.7626378676471,77.81512092141544,12.662926169002755,220.46030560661765,7.987940171185662,9.533493041992188,0.3488722128026625,231.71649528952207,49.334,-0.431,2.0
14066001_561,281.375,80.70833333333333,286.3583333333333,289.84375,3.3208333333333333,0.0,7,14066001,0.0,6.619484583536784,290.17578125,5.195217132568359,-2.6765130360921225,289.61737060546875,285.854248046875,78.83592732747395,102155.69791666669,288.8827263327206,288.26441865808823,94.16880888097428,4.483331568100873,296.1692899816176,3.665028964771944,-1.370187422808479,-0.0630707039552576,2070.503216911765,49.334,-0.431,2.0
14066001_501,128.33333333333334,76.27499999999999,286.87958333333336,291.25500000000005,2.44375,0.0,5,14066001,12.9,4.673429489135742,181.2359619140625,0.2649428645769755,4.52980105082194,290.1469319661458,284.0362548828125,67.81373087565105,102613.3125,292.6522863051471,286.3270909926471,49.444784725413605,6.682633792652803,200.8645881204044,2.817964441636029,5.563965741325827,0.1468494499430936,2088.7045036764707,49.334,-0.431,2.0
14066001_291,243.41666666666663,80.54583333333333,281.36333333333334,284.71,5.070833333333334,0.2,10,14066001,0.8000000000000002,7.085561116536458,248.87060546875,5.888184865315755,1.6048747698465984,285.53932698567706,281.7686767578125,78.74459838867188,102340.69791666669,284.94401999080884,282.7164522058824,75.78588149126838,10.592827292049632,262.96056410845586,9.807380227481618,1.494750415577608,0.0571404485141529,1935.3727022058824,49.334,-0.431,2.0
14066001_456,181.20833333333331,81.60416666666667,280.30375,283.45458333333335,3.0070833333333336,26.1,4,14066001,0.2,5.8371022542317705,209.0084431966146,2.880178133646647,4.419462203979492,286.65155029296875,280.9262288411458,68.6262919108073,101250.77083333331,287.39504825367646,283.0369370404412,58.899607938878674,8.323489918428308,215.3327205882353,4.478048885569853,6.543631160960478,0.2093626190634334,1014.1486672794116,49.334,-0.431,2.0
14066001_17,127.45833333333331,77.2625,271.5120833333333,275.1166666666667,3.749583333333333,0.0,1,14066001,0.0,7.334040323893229,134.66754150390625,-5.020809491475423,5.19448184967041,275.5391845703125,273.6756998697917,87.57321166992188,101277.69791666669,273.42540785845586,272.7109949448529,89.05330164292279,8.488560396082262,138.27791819852942,-5.315313900218291,6.462200389188879,0.2363126979154699,1077.82421875,49.334,-0.431,2.0
14066001_706,239.16666666666663,83.55416666666666,278.67958333333337,281.3879166666667,8.07875,2.4000000000000004,12,14066001,2.4000000000000004,4.954031308492024,204.12908935546875,1.68441899617513,4.412838300069173,280.9901529947917,277.8229166666667,80.63015238444011,103121.5,279.42566636029414,276.17532169117646,58.857382381663605,13.16144427131204,292.34033203125,11.623936372644762,-5.111236572265625,-0.2885279655456543,1458.4543887867646,49.334,-0.431,2.0
14066001_110,72.04166666666667,74.97500000000001,279.82125,284.12458333333336,7.0304166666666665,0.0,4,14066001,0.0,8.681227366129557,71.46307373046875,-7.9953765869140625,-2.7262579600016275,283.4132893880208,279.2725423177083,75.59189860026042,102525.375,282.7142693014706,279.0073816636029,59.12688131893383,10.90844457289752,83.79722684972427,-10.809725593118106,-1.17804235570571,-0.1326651152442483,2036.5698529411768,49.334,-0.431,2.0
14066001_328,58.04166666666666,83.84166666666667,281.8383333333333,284.4875,9.165,0.0,11,14066001,0.0,10.190145492553713,57.44158935546875,-8.510236740112305,-5.503470738728841,284.4052124023437,282.1532389322917,86.03633626302083,101597.84375,282.5362189797794,281.88953354779414,92.08798397288604,9.500039493336397,56.6377348058364,-7.928818646599264,-5.129851397346048,-0.2123437909518971,1252.589728860294,49.334,-0.431,2.0
14066001_431,230.08333333333331,73.97500000000001,277.0841666666667,281.4875,4.16625,0.4000000000000001,3,14066001,2.0,7.846964518229167,235.9754638671875,5.701321919759114,-0.4980830351511637,280.6336669921875,277.8401692708333,82.69861857096355,100703.28125,279.3567899816176,278.1879308363971,85.94198787913604,6.564588210161994,236.6325252757353,4.959849638097427,0.9218590680290673,0.017226359423469,480.4895450367647,49.334,-0.431,2.0
14066001_674,299.4583333333333,71.34166666666667,277.9954166666667,283.01708333333335,7.360833333333333,2.8000000000000007,11,14066001,0.0,7.922962188720703,243.21773274739584,5.290163040161133,0.4507162570953369,286.4554850260417,282.54477945963544,78.11375935872395,100708.40625,281.5623276654412,278.3609260110294,61.76754940257353,4.730964660644531,190.5199190027573,0.5508605732637293,-2.635952444637523,-0.1746604863335104,2044.6321231617649,49.334,-0.431,2.0
14066001_702,286.8333333333333,90.05833333333334,279.80541666666664,281.355,3.7291666666666665,0.2,12,14066001,0.8000000000000002,12.3033078511556,83.50539143880208,-1.7880929311116536,-12.00511678059896,280.8287760416667,275.58160400390625,69.52079264322917,101829.33333333331,281.1322380514706,279.44493910845586,78.85072954963235,5.648434807272518,323.8323471966912,3.1820447585161995,-4.531342450310202,-0.2821163289687213,2673.0259650735293,49.334,-0.431,2.0
14066001_74,60.333333333333336,78.7,275.9454166666667,279.46083333333337,5.614999999999999,0.0,3,14066001,0.0,6.940497716267903,62.574849446614586,-5.17506758371989,-4.0410111745198565,279.5121256510417,275.6923421223958,76.70306396484375,102642.82291666669,278.2195255055147,275.01657284007354,59.35736443014706,8.135488173540901,73.5950066061581,-6.947237800149357,-2.4137591193704044,-0.1464629594017477,2105.8630514705883,49.334,-0.431,2.0
14066001_200,125.08333333333331,56.675,289.41125,299.98375,2.81375,0.0,7,14066001,0.0,4.9689531326293945,103.97701009114584,-4.674442609151204,0.9354986349741616,295.8231608072917,290.6977132161458,73.55382792154948,101456.04166666669,293.01393037683823,290.52116842830884,80.68859145220588,5.222702923943015,74.70540125229779,-4.385533501120174,-1.4384553572710823,-0.0453949430409599,1808.00390625,49.334,-0.431,2.0
14066001_319,259.8333333333333,74.96666666666667,279.6783333333333,286.7341666666667,4.988333333333333,0.6000000000000001,11,14066001,0.4000000000000001,6.892775853474935,261.367919921875,6.717485427856445,0.8642278512318929,286.61378987630206,285.79856363932294,94.85929361979169,102911.83333333331,284.6006433823529,284.3184455422794,96.78314568014706,11.803430893841911,270.89671415441177,11.70050048828125,-0.240182876586914,-0.0092592449749217,2362.8630514705883,49.334,-0.431,2.0
14066001_705,206.70833333333331,76.42083333333333,277.1295833333333,281.0420833333333,3.744583333333333,0.0,12,14066001,2.4000000000000004,4.961629867553711,313.8207194010417,2.6118863423665366,-3.2828404108683267,283.40452067057294,279.16038004557294,75.31691487630208,103391.22916666669,279.8726447610294,278.7320772058824,85.36565085018383,14.433363970588236,217.0234087775736,6.049870659323299,10.308798397288603,0.2776355743408203,1339.3630514705883,49.334,-0.431,2.0
14066001_296,112.41666666666669,85.39166666666667,279.61833333333334,281.98958333333337,4.135833333333333,16.3,10,14066001,0.0,6.985682805379232,102.6739501953125,-6.717159907023112,0.9591232935587564,283.1253255208333,280.86012776692706,86.0505879720052,100809.45833333331,281.13157743566177,280.1714441636029,89.41591509650735,5.584942088407629,109.7286807789522,-5.181911692899816,1.486997043385225,0.010387757245232,681.9712201286765,49.334,-0.431,2.0
14066001_546,264.8333333333333,86.35833333333333,286.65958333333333,289.00458333333336,3.9325,0.2,6,14066001,0.0,4.434240976969401,192.505859375,1.6495173772176106,2.0455592473347983,289.1832682291667,285.3788655598958,78.7748311360677,99728.6875,287.5009191176471,286.5189855238971,89.91015625,8.027375165153952,298.11965762867646,6.66423438577091,-3.6080284118652335,-0.1324445219600901,1361.2914751838234,49.334,-0.431,2.0
14066001_46,99.5,73.52916666666667,273.3966666666667,277.8333333333333,2.48625,0.0,2,14066001,4.6,3.577996571858724,92.70615641276042,-1.8000094095865886,-0.5886949698130289,278.3973795572917,272.63767496744794,66.10648600260417,103373.54166666669,276.1496151194853,273.80310776654414,66.70734001608456,3.8558587466969207,87.0950927734375,-1.817014357622932,-0.8337811862721163,-0.0392519866718965,2694.604319852941,49.334,-0.431,2.0
14066001_23,174.875,90.2375,282.8520833333333,284.39666666666665,3.65125,0.0,1,14066001,0.0,4.904448827107747,179.016357421875,-0.2124832073847452,4.612332026163737,284.2479654947917,282.1678059895833,87.335693359375,102911.73958333331,283.75120634191177,282.32493681066177,85.18287568933823,12.512747371897978,213.63299919577207,6.414407169117647,9.718685374540442,0.2428136152379653,2371.011029411765,49.334,-0.431,2.0
14066001_555,232.79166666666663,83.8875,289.3520833333334,292.18916666666667,2.971666666666667,0.0,7,14066001,1.6000000000000003,3.02017593383789,205.9185994466146,1.234314759572347,-1.882203737894694,290.2869873046875,288.78232828776044,90.92388916015624,101920.27083333331,290.76461971507354,288.1166417738971,76.7560173483456,6.111882826861213,277.8814051011029,5.667087330537684,-0.8036242653341854,-0.0058986860163071,926.4919577205884,49.334,-0.431,2.0
14066001_29,235.58333333333331,87.0625,279.8304166666667,281.88125,7.059583333333333,12.9,1,14066001,0.0,9.70511245727539,240.72247314453125,7.767679850260417,4.802103678385417,282.2538248697917,279.357177734375,82.14543151855469,101607.1875,281.72716567095586,280.4612534466912,84.46910184972427,13.63308895335478,235.39293715533088,10.074259140912224,8.167135799632353,0.2815334656659294,1303.0580193014705,49.334,-0.431,2.0
14066001_135,234.01666666666665,72.43333333333334,278.3988333333333,283.4858888888889,2.8756666666666666,0.0,5,14066001,0.0,2.9687954584757485,271.5455322265625,1.786662260691325,-0.1100463271141052,282.88181559244794,279.0190022786458,77.78810628255208,102399.60416666669,282.208984375,279.0508386948529,63.654885684742645,3.5991100984461166,241.06565946691177,2.815418243408203,-0.4257825963637408,0.0014979418586282,1958.707490808824,49.334,-0.431,2.0
14066001_73,54.458333333333336,77.70416666666667,276.02958333333333,279.6666666666667,7.47125,0.0,3,14066001,0.0,8.46143658955892,59.8149668375651,-7.092526117960612,-4.337959289550781,279.6920572916667,276.1828206380208,78.31730651855469,102796.29166666669,277.2830020680147,275.5506376378676,76.61110552619485,9.128303976619945,66.98310403262867,-8.335742726045495,-3.565789166618796,-0.1959827086504768,2235.196231617647,49.334,-0.431,2.0
14066001_10,209.54166666666663,86.75,277.4979166666667,279.5579166666667,5.40875,6.0,1,14066001,1.0,8.646451314290365,217.57474772135416,5.072654088338216,5.949551900227864,280.44069417317706,277.5343831380208,81.88441975911458,98650.77083333331,279.3692842371324,280.6155215992647,85.26849006204044,14.430384916417738,225.0785845588236,9.116250430836397,9.00608107622932,0.3138720007503734,2982.975413602941,49.334,-0.431,2.0
14066001_352,148.125,96.67916666666667,276.0708333333333,276.5391666666667,1.1725,0.2,12,14066001,0.0,2.1509250005086265,171.07332356770834,-0.350143829981486,1.9633045196533203,277.0846354166667,276.9011637369792,98.71908569335938,103681.09375,281.4781135110294,278.0707146139706,61.83240464154412,8.662945915670957,170.11598115808823,-1.6463795830221737,8.379706887637868,0.1811354861539953,1560.911994485294,49.334,-0.431,2.0
14066001_80,53.833333333333336,86.08333333333333,278.6395833333333,280.83875,3.534166666666667,0.0,3,14066001,0.0,4.371988614400228,78.1862284342448,-2.092838287353516,-3.460849444071452,280.583984375,278.8241373697917,88.69821166992188,102239.20833333331,278.4991670496324,277.63255399816177,88.22239056755515,5.535925921271829,61.780768899356616,-3.46080981983858,-3.6676860136144303,-0.1370680332183838,1816.0325137867649,49.334,-0.431,2.0
14066001_162,251.41666666666663,88.17916666666667,287.2679166666667,289.25291666666664,2.2691666666666666,2.2,6,14066001,1.3999999999999997,2.7649288177490234,240.3526814778646,1.230183442433675,-1.056356430053711,287.90045166015625,286.6960042317708,92.57320149739584,101051.92708333331,289.2074333639706,288.0907628676471,89.25290814568015,2.809474496280446,222.09815889246323,0.3320442087510052,0.650963166180779,0.0134338561226339,869.0575597426471,49.334,-0.431,2.0
14066001_715,325.2916666666667,75.25416666666666,276.06,280.21541666666667,6.639166666666667,4.6000000000000005,12,14066001,0.4000000000000001,11.658668518066406,304.42116292317706,7.058514912923177,-6.4047902425130205,280.86008707682294,276.2618815104167,72.83826700846355,100009.20833333331,279.4999425551471,277.9954331341912,79.95590389476104,7.28311471378102,295.9691521139706,4.755690181956572,-1.618847790886374,-0.1058434879078584,2030.055376838236,49.334,-0.431,2.0
14066001_360,283.7916666666667,79.84583333333333,278.90625,282.3520833333334,4.241666666666666,1.4000000000000004,12,14066001,0.0,6.4543507893880205,294.5408528645833,4.359397888183594,-1.9501196543375647,283.5137532552083,278.7162272135417,73.1014404296875,103468.625,281.9568589154412,280.84343405330884,86.73091394761029,13.17626683852252,240.2070599724265,11.391858269186582,6.449959250057445,0.3077789194443646,2381.8676470588234,49.334,-0.431,2.0
14066001_641,312.0,71.72083333333333,282.34,287.53291666666667,4.541250000000001,0.0,10,14066001,0.0,8.309621810913086,262.39796956380206,8.114522933959961,0.98539932568868,289.33799235026044,285.6105143229167,78.9144999186198,101822.04166666669,284.87913602941177,281.8869198069853,68.24507410386029,5.400805305032169,269.0413602941176,5.359666263355928,0.1787695043227251,0.0169049992280847,2112.0473345588234,49.334,-0.431,2.0
14066001_714,306.375,79.85000000000001,276.28625000000005,279.5729166666667,9.349583333333332,7.400000000000001,12,14066001,4.6000000000000005,8.95339584350586,239.8060099283854,7.430918375651042,4.182586669921875,279.634765625,276.39272054036456,80.1290995279948,99708.77083333331,279.06999655330884,276.8416532628676,70.50124224494485,10.374715468462776,330.23377182904414,4.602623883415671,-8.423610911649817,-0.3219147009008071,1391.6124770220588,49.334,-0.431,2.0
14066001_602,114.125,78.64999999999999,288.00416666666666,291.8270833333333,3.367083333333333,0.0,8,14066001,0.0,3.443956057230632,180.42032877604169,0.7015169461568197,-1.5211315155029297,289.85986328125,287.1744384765625,84.52911376953125,101828.46875,291.0927159926471,288.5975988051471,77.55718635110294,3.4177966398351334,84.8495734719669,-1.2183299345128678,-2.8020470563103173,-0.081596900435055,1388.9039522058824,49.334,-0.431,2.0
14066001_632,179.20833333333334,81.82916666666667,286.74375,290.00291666666664,1.8908333333333331,4.0,9,14066001,11.1,4.028602282206218,131.839111328125,-2.6263176600138345,2.154168446858724,288.2236735026042,283.7421264648437,75.09811401367188,102122.70833333331,288.76734834558823,288.35592830882354,95.84089211856616,2.014906266156365,221.96673943014707,0.9737714879653032,0.0669796326581169,-0.0078113149194156,1475.0212545955883,49.334,-0.431,2.0
14066001_323,204.54166666666663,74.96666666666667,279.6783333333333,280.6683333333333,6.405,2.6,11,14066001,2.6000000000000005,7.730258941650391,199.43802897135416,1.9725524584452312,6.665849049886067,280.4527587890625,277.72837320963544,82.98751322428386,100320.72916666669,279.61569393382354,278.23779296875,84.51991900275735,8.459524715647978,207.67635569852945,3.341532090130974,7.267391878015855,0.2584695535547593,295.6753504136029,49.334,-0.431,2.0
14066001_265,183.45833333333331,80.02916666666667,285.02125,288.7041666666667,1.79875,0.0,9,14066001,0.0,2.3477209409077964,200.89937337239584,0.8023216724395752,0.7857747077941895,289.5749104817708,286.2277018229167,81.16489156087239,102045.22916666669,288.8431755514706,287.0837833180147,82.61296530330883,2.056766958797679,230.9275620404412,0.6803763894473805,-0.3614376292509191,-0.0064742284662583,1671.6568244485295,49.334,-0.431,2.0
14066001_341,180.79166666666663,72.02499999999999,278.7825,283.73541666666665,3.6779166666666665,0.0,12,14066001,0.0,5.3359940846761065,179.08402506510416,-0.0511276721954345,5.288366953531901,283.6442464192708,279.33154296875,74.92519124348958,102935.28125,285.4185144761029,281.99195772058823,64.43478573069854,9.426783842198988,208.5850327435662,4.4912244011374085,8.236383774701286,0.1281676011926987,2173.379825367647,49.334,-0.431,2.0
14066001_97,274.1666666666667,76.62083333333334,277.1408333333333,281.0991666666667,5.693333333333334,1.2000000000000002,4,14066001,1.0,7.105365753173828,274.2860514322917,6.627625147501628,-0.6226396958033243,281.1566365559896,277.14208984375,75.89846801757812,101329.52083333331,280.0793026194853,277.90455537683823,72.74111758961396,8.083303114947151,264.42529296875,7.670742259306066,0.7243837468764361,-0.0041279933031867,1063.8797104779412,49.334,-0.431,2.0
14066001_420,296.5416666666667,69.4875,274.9808333333333,280.2841666666667,5.802083333333333,0.0,2,14066001,0.0,11.29788589477539,253.4981282552084,10.138041814168297,2.658477783203125,282.53660074869794,277.95774332682294,73.37534077962239,100716.16666666669,279.7675206801471,277.4452550551471,70.13360236672794,9.860423368566176,213.73250804227945,5.435221503762638,8.163918887867647,0.2779613382676068,1528.0314797794117,49.334,-0.431,2.0
14066001_350,130.66666666666666,89.12083333333334,278.79125,280.4775,1.4841666666666666,0.0,12,14066001,0.4000000000000001,2.4757688840230307,135.01678466796875,-1.6080830891927085,1.4229930241902669,281.1315511067708,279.780029296875,91.2379862467448,102441.90625,281.4781135110294,278.0707146139706,61.83240464154412,8.662945915670957,170.11598115808823,-1.6463795830221737,8.379706887637868,0.1811354861539953,1560.911994485294,49.334,-0.431,2.0
14066001_590,182.375,83.075,286.33,289.34541666666667,3.0066666666666664,0.0,8,14066001,0.0,6.783329010009766,261.5304768880208,5.624692281087239,0.9952213764190674,290.2942301432292,287.1670328776042,82.09998575846355,101917.875,291.4737189797794,286.21237362132354,55.84011661305147,4.923308428596048,143.2194106158088,-2.560916676240809,3.7928686702952654,0.0836886237649356,1427.6321231617646,49.334,-0.431,2.0
14066001_111,110.125,79.21249999999999,281.6766666666667,285.23375,3.157916666666667,0.0,4,14066001,6.599999999999999,5.276994387308757,64.44106547037761,-4.4000857671101885,-2.286426862080892,284.1571858723958,280.9665934244792,81.01962788899739,101994.19791666669,282.7142693014706,279.0073816636029,59.12688131893383,10.90844457289752,83.79722684972427,-10.809725593118106,-1.17804235570571,-0.1326651152442483,2036.5698529411768,49.334,-0.431,2.0
14066001_538,277.7083333333333,84.89583333333333,288.90708333333333,291.59208333333333,4.152083333333334,0.0,6,14066001,0.0,2.541711807250977,124.32967122395831,-1.5733509063720703,-0.9152798652648926,293.3690592447917,290.5159505208333,83.8649393717448,101395.08333333331,289.1522863051471,286.31603285845586,74.42353372012867,7.455229366526884,267.8208582261029,7.376833747414982,0.2657436483046588,-0.0027216813143561,1597.585822610294,49.334,-0.431,2.0
14066001_68,194.29166666666663,85.79166666666667,278.14208333333335,280.37666666666667,9.020833333333334,14.500000000000002,3,14066001,0.0,8.603424708048502,155.26830037434897,1.1139955520629885,2.195876121520996,280.4230550130208,278.1181640625,85.3292236328125,99753.95833333331,280.74767348345586,279.56359145220586,86.99275476792279,8.970390768612132,177.63858570772058,2.027110380284926,4.955049402573529,0.1488751944373635,-288.52013442095586,49.334,-0.431,2.0
14066001_82,229.88888888888889,89.86064814814814,277.0655208333333,278.6382291666667,1.4302777777777778,0.0,3,14066001,0.8000000000000002,2.467655817667643,141.09000651041666,0.3631365299224853,-1.86579704284668,280.5206705729167,278.937744140625,89.7995096842448,101669.125,280.4148380055147,278.74681181066177,78.28175264246323,3.575926388011259,168.98520795036765,0.0186695211073931,-3.086902618408203,-0.0993779266581815,1332.4894301470588,49.334,-0.431,2.0
14066001_718,219.20833333333331,93.90833333333336,275.5675,276.45625,2.93625,0.2,12,14066001,0.4000000000000001,6.173832575480144,112.25274658203124,0.2178925275802612,-3.192544301350912,282.1417643229167,278.8096516927083,80.2560526529948,102822.625,282.03955078125,281.4364659926471,92.56516400505517,7.329586253446691,302.4617704503676,6.060436473173254,-3.8156913308536304,-0.073746218400843,2948.419806985294,49.334,-0.431,2.0
14066001_430,244.83333333333331,81.20833333333333,277.25416666666666,280.2891666666667,5.7575,14.1,3,14066001,0.4000000000000001,10.555096944173178,233.97871907552084,8.000859578450521,4.614826838175456,281.26198323567706,276.5848795572917,73.02154541015625,99844.60416666669,279.3567899816176,278.1879308363971,85.94198787913604,6.564588210161994,236.6325252757353,4.959849638097427,0.9218590680290673,0.017226359423469,480.4895450367647,49.334,-0.431,2.0
14066001_113,39.79166666666666,78.33333333333333,277.61125,281.29291666666666,7.289999999999999,0.6000000000000001,4,14066001,0.0,8.57594108581543,47.868876139322914,-4.866951942443848,-6.8929087320963545,281.5797932942708,277.3421834309896,75.08119710286458,101868.41666666669,280.3286707261029,278.86330997242646,81.03541475183823,9.655017628389244,62.28736787683823,-4.911992690142463,-7.845672607421875,-0.2749481481664321,1467.6301700367646,49.334,-0.431,2.0
14066001_317,168.58333333333334,76.09583333333333,280.7675,284.8695833333333,6.152083333333334,0.0,11,14066001,0.4000000000000001,7.542638142903645,180.5805053710937,0.1633132100105285,-7.40009880065918,285.1134847005208,281.3955485026042,78.07688395182292,102577.02083333331,283.1926700367647,281.76160386029414,83.21030560661765,9.684255263384651,232.8299775965073,0.3835816663854262,-9.565374037798714,-0.3773656732895795,1964.035615808824,49.334,-0.431,2.0
14066001_391,130.33333333333334,70.8125,268.9470833333333,273.7054166666667,3.661666666666666,0.0,1,14066001,0.0,3.558265050252279,136.94071451822916,-2.444332758585612,2.0659494400024414,274.7419026692708,272.5640869140625,85.4322001139323,102671.79166666669,274.7416417738971,273.30710018382354,80.12729061351104,7.508257248822381,147.83313706341912,-3.9156767901252296,6.288288789636948,0.2317723386427935,801.3834443933823,49.334,-0.431,2.0
14066001_288,184.04166666666663,81.06666666666666,281.70458333333335,284.92,3.7883333333333336,1.6000000000000003,10,14066001,0.2,5.976451873779297,184.99285888671875,0.4277629852294922,5.896742502848308,285.3187866210937,282.5698649088542,83.45151774088542,100882.25,284.0749942555147,282.2151309742647,81.66289206112133,6.176282097311581,183.61417164522047,0.3312405417947208,6.052637885598576,0.2386837005615234,658.3511603860294,49.334,-0.431,2.0
14066001_697,294.3333333333333,77.02083333333333,276.6454166666667,280.5704166666667,5.641666666666667,4.6000000000000005,11,14066001,5.400000000000001,9.755677541097006,235.2074991861979,7.950245539347331,5.439953486124675,282.4418538411458,280.1636149088542,85.76806640625,101975.95833333331,279.56071920955884,277.23681640625,69.83916877297794,7.605632108800552,315.3893037683824,2.7612867916331574,-6.9588775634765625,-0.2039541076211368,795.4339958639706,49.334,-0.431,2.0
14066001_665,125.66666666666669,84.05833333333334,283.2295833333333,286.0266666666667,3.6625,0.0,10,14066001,0.2,10.608381907145182,222.8445841471354,7.150620778401692,7.613932291666667,287.62131754557294,282.9297281901042,73.76400756835938,100936.28125,283.29920151654414,280.81287339154414,71.79228659237133,6.974297018612132,287.30701401654414,6.736882826861213,-1.6079227223115808,-0.0972043836818021,2475.5921415441176,49.334,-0.431,2.0
14066001_185,188.70833333333331,84.05,286.6475,289.4158333333333,2.5733333333333333,0.2,7,14066001,0.4000000000000001,3.308791160583496,225.21944173177084,1.8183666865030923,-0.641709049542745,288.4792073567708,286.430908203125,87.65685017903645,102065.65625,286.87525850183823,285.7642176011029,89.19699276194854,3.56465306001551,260.4057042738971,3.170153673957376,0.1078734678380629,0.0193869822165545,1728.865349264706,49.334,-0.431,2.0
14066001_122,237.79166666666663,74.22916666666667,280.8229166666667,285.37416666666667,4.24875,0.4000000000000001,5,14066001,0.0,5.599575042724609,234.80562337239584,4.305908203125,1.621756871541341,285.03586832682294,281.2197265625,77.68477376302083,102421.1875,283.86471737132354,281.58274931066177,74.90647977941177,8.153965669519762,238.16588637408088,6.3717821906594665,3.904531142290901,0.1159548268598668,2022.8747702205883,49.334,-0.431,2.0
14066001_411,170.45833333333334,85.65416666666665,279.8175,282.2058333333334,2.6991666666666667,1.0,2,14066001,0.0,5.264979362487793,138.7101847330729,-3.3801730473836265,3.656034787495931,281.9916178385417,279.55482991536456,84.79706319173177,102158.4375,282.6692899816176,281.2935144761029,84.07785931755515,9.779597562902111,198.849365234375,2.1865586673512176,9.110520306755514,0.2418128742891199,2306.1537224264707,49.334,-0.431,2.0
14066001_302,111.5,81.71666666666667,282.4995833333333,285.56458333333336,2.4320833333333334,0.0,10,14066001,0.2,4.60600471496582,69.43516031901042,-4.062717437744141,-1.450076421101888,286.9795328776042,285.0299072265625,88.04254150390625,103318.67708333331,283.19192325367646,282.1101792279412,87.43937413832721,5.2114428351907165,101.56313189338236,-5.0352787691004135,0.9302809098187614,0.0603350260678459,2739.802619485294,49.334,-0.431,2.0
14066001_434,107.41666666666669,90.57916666666668,283.46208333333334,284.99666666666667,1.695,1.0000000000000002,3,14066001,0.2,5.29458745320638,268.4652303059896,4.567536989847819,0.8084363142649332,283.4755859375,282.4239501953125,93.2152099609375,102382.38541666669,284.6240234375,281.46251723345586,66.89588838465073,6.474013384650736,165.36339613970588,-1.628946192124311,6.204126694623162,0.1437117071712718,1527.7859604779412,49.334,-0.431,2.0
14066001_682,258.125,69.77499999999999,276.71125,281.9975,5.659583333333334,0.0,11,14066001,0.0,13.508244832356771,312.62034098307294,7.720115661621094,-8.041245778401693,284.83888753255206,279.14617919921875,69.44826253255208,101286.26041666669,281.46398207720586,278.9154698988971,69.15190573299633,7.078438253963695,270.1376953125,6.826540329877068,0.1841288173899931,0.05241319361855,2150.8216911764707,49.334,-0.431,2.0
14066001_47,176.5,74.21249999999999,271.4841666666667,275.7708333333333,3.4545833333333333,4.6000000000000005,2,14066001,2.1,5.319782892862956,190.1962687174479,0.9675827026367188,5.17765744527181,276.1404622395833,271.7030029296875,71.89487202962239,101870.625,275.15306181066177,271.5445772058824,48.154013241038605,8.793179680319394,195.0209242876838,2.337451261632583,8.361497766831341,0.2700409047743853,1653.3127297794117,49.334,-0.431,2.0
14066001_607,253.45833333333331,86.43333333333334,286.4954166666667,288.78291666666667,6.364166666666667,6.2,8,14066001,0.8000000000000002,2.9614295959472656,82.01764424641927,-0.527361790339152,-2.601346651713053,291.7543131510417,288.83628336588544,83.2291971842448,101667.69791666669,287.09426700367646,285.17356962316177,80.51755658318015,6.916210847742417,257.8739659926471,6.607618892894072,1.3090353573069853,0.0448003586600808,1535.0402113970588,49.334,-0.431,2.0
14066001_415,225.0,83.825,278.0516666666667,280.63208333333336,3.6020833333333333,0.0,2,14066001,0.0,2.9172515869140625,133.49653116861978,-2.0351794560750327,1.3980309168497722,280.2137044270833,277.82106526692706,84.7775166829427,102535.45833333331,281.32861328125,281.10437729779414,97.21930290670956,9.741906558766084,250.51016773897047,9.169403973747702,3.1087713802562043,0.0992904480765847,1869.5989200367649,49.334,-0.431,2.0
14066001_579,198.375,77.67916666666666,287.24125,291.42,3.9345833333333338,4.2,8,14066001,0.8000000000000002,2.1765855153401694,145.51019287109375,0.0860351721445719,-0.715544859568278,289.8784993489583,286.93145751953125,83.06807963053386,101630.46875,292.11939912683823,288.93118106617646,73.0038703469669,8.97625104118796,235.89496208639707,7.09926560345818,4.861968545352712,0.1948639364803538,1006.3200827205884,49.334,-0.431,2.0
14066001_278,104.91666666666669,65.08749999999999,280.25916666666666,286.9245833333334,5.007083333333333,0.0,10,14066001,0.0,8.553548177083334,98.08939615885416,-8.285999298095703,0.922783374786377,287.6728922526042,281.064697265625,65.59881591796875,102453.25,285.0999253216912,281.90685317095586,67.74062930836396,9.639210420496324,103.48652918198528,-9.188587861902574,2.0648200091193702,0.066804149571587,2011.9161305147056,49.334,-0.431,2.0
14066001_377,237.79166666666663,80.0,276.95375,280.2583333333333,8.57375,12.1,1,14066001,1.8000000000000005,8.834980010986328,275.2932942708333,8.210018157958984,-1.3307848771413169,282.9016520182292,280.18271891276044,83.76613362630208,101553.5,278.2728630514706,275.408203125,64.04868451286765,12.027208216050091,300.32628676470586,8.16043898638557,-6.8253640567555145,-0.240511277142693,878.1714154411765,49.334,-0.431,2.0
14066001_370,102.25,74.86666666666666,273.0054166666667,277.29125000000005,1.9629166666666664,0.2,1,14066001,0.2,8.10438346862793,239.962890625,3.932232856750488,-3.926675796508789,280.3873291015625,276.60693359375,77.2637939453125,102643.89583333331,276.08171530330884,272.7767693014706,54.18520579618566,4.327203638413373,186.5199477251838,0.3418799568625057,3.180191488826976,0.038315450443941,2921.1247702205883,49.334,-0.431,2.0
14066001_678,256.9583333333333,85.425,280.4870833333334,282.9195833333333,4.23125,0.8000000000000002,11,14066001,0.2,10.657963434855144,323.6787923177083,1.210905392964681,-10.537887573242188,283.7665201822917,279.3753662109375,74.37739562988281,102111.54166666669,283.82726332720586,282.39685776654414,83.79493623621323,11.286306044634651,283.12230009191177,10.570194019990808,-2.3558722103343293,-0.1650904627407298,1910.583065257353,49.334,-0.431,2.0
14066001_517,82.29166666666667,86.7375,287.11625,289.4541666666667,2.125833333333333,0.0,6,14066001,5.199999999999999,2.921314557393392,134.1358642578125,-0.3789410591125488,-0.9578094482421876,285.635498046875,285.1117350260417,96.64540608723958,102291.09375,291.4460018382353,288.1015050551471,71.33098288143383,4.062024733599494,225.560302734375,0.9549273322610294,1.1537908666274126,-0.0018943407956291,1361.9311810661766,49.334,-0.431,2.0
14066001_211,234.91666666666663,82.75,287.2945833333333,290.3079166666667,2.262083333333333,0.2,7,14066001,0.0,3.047927220662435,223.96683756510416,1.817630132039388,-0.3151473601659139,290.1664428710937,287.8968912760417,86.6151631673177,101474.80208333331,290.21984145220586,288.3688534007353,83.20079848345588,6.828815235811121,250.60009765625,6.362191592945772,2.2647438049316406,0.0917987683240105,1182.3071001838234,49.334,-0.431,2.0
